ID,Name,Age,Salary,Date_of_Joining,Department
1,Name_1,20,50000,21-07-2023 00:00,HR
2,Name_2,30,60000,15-06-2022 00:00,Marketing
3,Name_3,35,40000,15-06-2022 00:00,IT
4,Name_4,35,40000,01-01-2021 00:00,HR
5,Name_5,35,,01-01-2021 00:00,Finance
6,Name_6,25,40000,21-07-2023 00:00,HR
7,Name_7,35,50000,21-07-2023 00:00,HR
8,Name_8,,60000,21-07-2023 00:00,HR
9,Name_9,20,,21-07-2023 00:00,Finance
10,Name_10,20,40000,01-01-2021 00:00,IT
11,Name_11,invalid,,01-01-2021 00:00,HR
12,Name_12,20,40000,01-01-2021 00:00,Finance
13,Name_13,30,60000,21-07-2023 00:00,HR
14,Name_14,35,40000,15-06-2022 00:00,IT
15,Name_15,25,50000,01-01-2021 00:00,Marketing
16,Name_16,25,60000,01-01-2021 00:00,Finance
17,Name_17,25,40000,21-07-2023 00:00,IT
18,Name_18,,,15-06-2022 00:00,HR
19,Name_19,30,30000,01-01-2021 00:00,Marketing
20,Name_20,35,40000,01-01-2021 00:00,Marketing
21,Name_21,,,21-07-2023 00:00,Marketing
22,Name_22,,,01-01-2021 00:00,Finance
23,Name_23,25,50000,01-01-2021 00:00,HR
24,Name_24,20,40000,01-01-2021 00:00,HR
25,Name_25,,40000,21-07-2023 00:00,Finance
26,Name_26,20,30000,01-01-2021 00:00,IT
27,Name_27,30,50000,01-01-2021 00:00,Finance
28,Name_28,20,60000,15-06-2022 00:00,IT
29,Name_29,,40000,01-01-2021 00:00,Marketing
30,Name_30,30,30000,15-06-2022 00:00,Marketing
31,Name_31,35,30000,15-06-2022 00:00,IT
32,Name_32,,40000,21-07-2023 00:00,IT
33,Name_33,,,01-01-2021 00:00,IT
34,Name_34,,50000,15-06-2022 00:00,Finance
35,Name_35,25,30000,15-06-2022 00:00,Finance
36,Name_36,35,40000,15-06-2022 00:00,Marketing
37,Name_37,25,60000,21-07-2023 00:00,IT
38,Name_38,25,40000,01-01-2021 00:00,Finance
39,Name_39,,30000,01-01-2021 00:00,Marketing
40,Name_40,30,40000,21-07-2023 00:00,Finance
41,Name_41,20,60000,21-07-2023 00:00,Marketing
42,Name_42,,30000,21-07-2023 00:00,Marketing
43,Name_43,25,50000,15-06-2022 00:00,IT
44,Name_44,30,30000,15-06-2022 00:00,Finance
45,Name_45,,50000,21-07-2023 00:00,Finance
46,Name_46,35,30000,15-06-2022 00:00,HR
47,Name_47,,30000,21-07-2023 00:00,IT
48,Name_48,35,,21-07-2023 00:00,Marketing
49,Name_49,25,30000,01-01-2021 00:00,Marketing
50,Name_50,,40000,01-01-2021 00:00,HR
51,Name_51,20,30000,01-01-2021 00:00,HR
52,Name_52,30,60000,01-01-2021 00:00,Marketing
53,Name_53,30,50000,21-07-2023 00:00,IT
54,Name_54,,40000,01-01-2021 00:00,HR
55,Name_55,25,50000,21-07-2023 00:00,HR
56,Name_56,35,30000,21-07-2023 00:00,IT
57,Name_57,25,,01-01-2021 00:00,Finance
58,Name_58,20,60000,01-01-2021 00:00,Finance
59,Name_59,20,,21-07-2023 00:00,Finance
60,Name_60,30,60000,15-06-2022 00:00,Finance
61,Name_61,30,50000,01-01-2021 00:00,IT
62,Name_62,25,30000,15-06-2022 00:00,Finance
63,Name_63,,30000,21-07-2023 00:00,IT
64,Name_64,25,40000,01-01-2021 00:00,Finance
65,Name_65,,40000,21-07-2023 00:00,Marketing
66,Name_66,35,,21-07-2023 00:00,HR
67,Name_67,20,60000,01-01-2021 00:00,HR
68,Name_68,20,30000,15-06-2022 00:00,Finance
69,Name_69,30,60000,21-07-2023 00:00,Finance
70,Name_70,25,40000,01-01-2021 00:00,IT
71,Name_71,,30000,21-07-2023 00:00,Marketing
72,Name_72,20,50000,01-01-2021 00:00,Finance
73,Name_73,,,15-06-2022 00:00,IT
74,Name_74,25,30000,21-07-2023 00:00,HR
75,Name_75,25,50000,01-01-2021 00:00,IT
76,Name_76,25,,15-06-2022 00:00,IT
77,Name_77,,50000,21-07-2023 00:00,Marketing
78,Name_78,25,50000,01-01-2021 00:00,HR
79,Name_79,30,40000,21-07-2023 00:00,IT
80,Name_80,20,60000,15-06-2022 00:00,IT
81,Name_81,35,,15-06-2022 00:00,IT
82,Name_82,30,,01-01-2021 00:00,HR
83,Name_83,35,30000,21-07-2023 00:00,HR
84,Name_84,35,40000,15-06-2022 00:00,IT
85,Name_85,,30000,21-07-2023 00:00,IT
86,Name_86,20,60000,15-06-2022 00:00,Finance
87,Name_87,35,50000,01-01-2021 00:00,IT
88,Name_88,20,60000,21-07-2023 00:00,IT
89,Name_89,20,60000,21-07-2023 00:00,Marketing
90,Name_90,,50000,15-06-2022 00:00,Finance
91,Name_91,25,40000,01-01-2021 00:00,HR
92,Name_92,,,01-01-2021 00:00,Marketing
93,Name_93,25,,21-07-2023 00:00,Marketing
94,Name_94,30,50000,21-07-2023 00:00,IT
95,Name_95,20,,01-01-2021 00:00,Marketing
96,Name_96,,60000,21-07-2023 00:00,HR
97,Name_97,30,50000,15-06-2022 00:00,IT
98,Name_98,,,21-07-2023 00:00,Finance
99,Name_99,35,,15-06-2022 00:00,Finance
100,Name_100,30,40000,15-06-2022 00:00,HR
101,Name_101,30,error,15-06-2022 00:00,Finance
102,Name_102,20,50000,01-01-2021 00:00,Marketing
103,Name_103,35,40000,21-07-2023 00:00,Finance
104,Name_104,20,50000,01-01-2021 00:00,HR
105,Name_105,35,50000,15-06-2022 00:00,HR
106,Name_106,,50000,15-06-2022 00:00,IT
107,Name_107,25,30000,21-07-2023 00:00,Finance
108,Name_108,35,,15-06-2022 00:00,IT
109,Name_109,30,60000,21-07-2023 00:00,Marketing
110,Name_110,25,60000,01-01-2021 00:00,HR
111,Name_111,30,,21-07-2023 00:00,IT
112,Name_112,25,30000,15-06-2022 00:00,Marketing
113,Name_113,35,40000,01-01-2021 00:00,Finance
114,Name_114,35,30000,01-01-2021 00:00,HR
115,Name_115,,30000,21-07-2023 00:00,HR
116,Name_116,30,,15-06-2022 00:00,Finance
117,Name_117,25,60000,15-06-2022 00:00,IT
118,Name_118,,40000,15-06-2022 00:00,HR
119,Name_119,35,50000,01-01-2021 00:00,Finance
120,Name_120,35,40000,01-01-2021 00:00,Marketing
121,Name_121,20,40000,15-06-2022 00:00,Marketing
122,Name_122,25,30000,01-01-2021 00:00,Marketing
123,Name_123,25,30000,21-07-2023 00:00,IT
124,Name_124,35,,01-01-2021 00:00,IT
125,Name_125,35,40000,15-06-2022 00:00,Marketing
126,Name_126,30,,15-06-2022 00:00,Finance
127,Name_127,20,40000,21-07-2023 00:00,Finance
128,Name_128,35,30000,15-06-2022 00:00,HR
129,Name_129,20,40000,15-06-2022 00:00,IT
130,Name_130,,,15-06-2022 00:00,Marketing
131,Name_131,35,30000,15-06-2022 00:00,Marketing
132,Name_132,,50000,21-07-2023 00:00,Marketing
133,Name_133,,50000,01-01-2021 00:00,Finance
134,Name_134,20,60000,15-06-2022 00:00,HR
135,Name_135,35,30000,15-06-2022 00:00,IT
136,Name_136,30,,01-01-2021 00:00,HR
137,Name_137,25,60000,01-01-2021 00:00,Marketing
138,Name_138,25,60000,15-06-2022 00:00,Marketing
139,Name_139,25,,21-07-2023 00:00,IT
140,Name_140,30,30000,21-07-2023 00:00,HR
141,Name_141,30,30000,01-01-2021 00:00,Marketing
142,Name_142,25,,21-07-2023 00:00,IT
143,Name_143,35,30000,15-06-2022 00:00,Marketing
144,Name_144,35,50000,01-01-2021 00:00,Marketing
145,Name_145,20,50000,01-01-2021 00:00,HR
146,Name_146,25,,15-06-2022 00:00,Finance
147,Name_147,20,50000,01-01-2021 00:00,Finance
148,Name_148,25,,01-01-2021 00:00,HR
149,Name_149,,60000,01-01-2021 00:00,Finance
150,Name_150,,30000,15-06-2022 00:00,Finance
151,Name_151,30,50000,21-07-2023 00:00,Marketing
152,Name_152,,30000,15-06-2022 00:00,IT
153,Name_153,20,60000,01-01-2021 00:00,IT
154,Name_154,20,40000,15-06-2022 00:00,IT
155,Name_155,35,40000,01-01-2021 00:00,Marketing
156,Name_156,35,,21-07-2023 00:00,Finance
157,Name_157,35,60000,15-06-2022 00:00,IT
158,Name_158,20,30000,01-01-2021 00:00,IT
159,Name_159,20,30000,21-07-2023 00:00,Finance
160,Name_160,25,60000,01-01-2021 00:00,IT
161,Name_161,,,15-06-2022 00:00,Marketing
162,Name_162,25,,15-06-2022 00:00,Marketing
163,Name_163,35,40000,15-06-2022 00:00,IT
164,Name_164,20,50000,21-07-2023 00:00,Finance
165,Name_165,20,,01-01-2021 00:00,HR
166,Name_166,35,,15-06-2022 00:00,IT
167,Name_167,35,30000,15-06-2022 00:00,Finance
168,Name_168,35,30000,21-07-2023 00:00,HR
169,Name_169,30,30000,21-07-2023 00:00,Marketing
170,Name_170,25,50000,01-01-2021 00:00,HR
171,Name_171,25,30000,21-07-2023 00:00,Finance
172,Name_172,,60000,21-07-2023 00:00,IT
173,Name_173,35,50000,21-07-2023 00:00,HR
174,Name_174,25,60000,01-01-2021 00:00,Finance
175,Name_175,25,60000,01-01-2021 00:00,Marketing
176,Name_176,30,50000,15-06-2022 00:00,IT
177,Name_177,20,40000,15-06-2022 00:00,HR
178,Name_178,30,,15-06-2022 00:00,HR
179,Name_179,30,50000,01-01-2021 00:00,Marketing
180,Name_180,,50000,21-07-2023 00:00,Marketing
181,Name_181,25,40000,21-07-2023 00:00,Marketing
182,Name_182,30,30000,01-01-2021 00:00,HR
183,Name_183,,,15-06-2022 00:00,HR
184,Name_184,25,30000,15-06-2022 00:00,Finance
185,Name_185,20,40000,01-01-2021 00:00,Finance
186,Name_186,,60000,21-07-2023 00:00,HR
187,Name_187,25,50000,01-01-2021 00:00,IT
188,Name_188,25,50000,21-07-2023 00:00,IT
189,Name_189,30,40000,15-06-2022 00:00,Finance
190,Name_190,,50000,15-06-2022 00:00,Marketing
191,Name_191,30,,15-06-2022 00:00,Marketing
192,Name_192,,60000,01-01-2021 00:00,HR
193,Name_193,,,01-01-2021 00:00,IT
194,Name_194,35,40000,21-07-2023 00:00,HR
195,Name_195,30,30000,01-01-2021 00:00,HR
196,Name_196,35,,21-07-2023 00:00,Marketing
197,Name_197,35,,21-07-2023 00:00,Finance
198,Name_198,25,60000,21-07-2023 00:00,HR
199,Name_199,20,,01-01-2021 00:00,IT
200,Name_200,,,21-07-2023 00:00,HR
201,Name_201,30,50000,not_a_date,Marketing
202,Name_202,30,50000,21-07-2023 00:00,Marketing
203,Name_203,,60000,21-07-2023 00:00,Marketing
204,Name_204,30,60000,01-01-2021 00:00,Marketing
205,Name_205,20,30000,21-07-2023 00:00,Marketing
206,Name_206,20,40000,21-07-2023 00:00,Marketing
207,Name_207,30,,21-07-2023 00:00,Finance
208,Name_208,35,40000,01-01-2021 00:00,HR
209,Name_209,30,30000,01-01-2021 00:00,Finance
210,Name_210,30,50000,21-07-2023 00:00,HR
211,Name_211,25,40000,15-06-2022 00:00,IT
212,Name_212,25,60000,01-01-2021 00:00,HR
213,Name_213,30,60000,01-01-2021 00:00,Marketing
214,Name_214,25,30000,01-01-2021 00:00,Finance
215,Name_215,25,50000,01-01-2021 00:00,HR
216,Name_216,35,40000,01-01-2021 00:00,Marketing
217,Name_217,35,,15-06-2022 00:00,Marketing
218,Name_218,,50000,21-07-2023 00:00,IT
219,Name_219,20,,01-01-2021 00:00,Finance
220,Name_220,35,30000,01-01-2021 00:00,Finance
221,Name_221,30,60000,15-06-2022 00:00,Marketing
222,Name_222,25,60000,01-01-2021 00:00,HR
223,Name_223,20,60000,15-06-2022 00:00,Finance
224,Name_224,35,60000,01-01-2021 00:00,HR
225,Name_225,30,30000,15-06-2022 00:00,Finance
226,Name_226,,40000,15-06-2022 00:00,HR
227,Name_227,35,50000,21-07-2023 00:00,Finance
228,Name_228,35,60000,15-06-2022 00:00,Marketing
229,Name_229,,40000,21-07-2023 00:00,Marketing
230,Name_230,35,40000,01-01-2021 00:00,IT
231,Name_231,20,50000,15-06-2022 00:00,HR
232,Name_232,30,50000,15-06-2022 00:00,Finance
233,Name_233,25,60000,15-06-2022 00:00,IT
234,Name_234,30,30000,01-01-2021 00:00,IT
235,Name_235,30,30000,21-07-2023 00:00,IT
236,Name_236,30,30000,15-06-2022 00:00,IT
237,Name_237,30,30000,21-07-2023 00:00,HR
238,Name_238,25,50000,01-01-2021 00:00,HR
239,Name_239,25,60000,01-01-2021 00:00,Marketing
240,Name_240,20,40000,15-06-2022 00:00,IT
241,Name_241,,,15-06-2022 00:00,Finance
242,Name_242,20,50000,21-07-2023 00:00,Finance
243,Name_243,30,60000,01-01-2021 00:00,Finance
244,Name_244,30,50000,01-01-2021 00:00,Finance
245,Name_245,20,60000,15-06-2022 00:00,IT
246,Name_246,35,,21-07-2023 00:00,HR
247,Name_247,25,40000,21-07-2023 00:00,Finance
248,Name_248,20,60000,15-06-2022 00:00,HR
249,Name_249,,,21-07-2023 00:00,Marketing
250,Name_250,20,40000,21-07-2023 00:00,IT
251,Name_251,,,01-01-2021 00:00,Finance
252,Name_252,35,50000,01-01-2021 00:00,Finance
253,Name_253,20,60000,21-07-2023 00:00,Marketing
254,Name_254,25,30000,01-01-2021 00:00,IT
255,Name_255,20,40000,01-01-2021 00:00,IT
256,Name_256,30,,01-01-2021 00:00,Marketing
257,Name_257,30,30000,01-01-2021 00:00,IT
258,Name_258,20,30000,21-07-2023 00:00,Marketing
259,Name_259,20,30000,15-06-2022 00:00,Finance
260,Name_260,35,,01-01-2021 00:00,IT
261,Name_261,,40000,21-07-2023 00:00,HR
262,Name_262,25,,21-07-2023 00:00,IT
263,Name_263,35,60000,21-07-2023 00:00,Marketing
264,Name_264,30,40000,15-06-2022 00:00,Marketing
265,Name_265,25,60000,15-06-2022 00:00,IT
266,Name_266,,,15-06-2022 00:00,IT
267,Name_267,25,,21-07-2023 00:00,HR
268,Name_268,35,30000,01-01-2021 00:00,Finance
269,Name_269,25,40000,21-07-2023 00:00,HR
270,Name_270,20,30000,15-06-2022 00:00,Finance
271,Name_271,30,50000,15-06-2022 00:00,HR
272,Name_272,,40000,21-07-2023 00:00,HR
273,Name_273,35,60000,01-01-2021 00:00,HR
274,Name_274,20,50000,01-01-2021 00:00,HR
275,Name_275,25,30000,15-06-2022 00:00,HR
276,Name_276,,40000,21-07-2023 00:00,Finance
277,Name_277,,50000,15-06-2022 00:00,Finance
278,Name_278,20,40000,21-07-2023 00:00,Marketing
279,Name_279,35,40000,15-06-2022 00:00,Marketing
280,Name_280,35,50000,15-06-2022 00:00,IT
281,Name_281,30,30000,21-07-2023 00:00,Marketing
282,Name_282,25,30000,15-06-2022 00:00,IT
283,Name_283,25,,21-07-2023 00:00,IT
284,Name_284,30,30000,01-01-2021 00:00,Finance
285,Name_285,20,40000,15-06-2022 00:00,Finance
286,Name_286,,30000,01-01-2021 00:00,Marketing
287,Name_287,,40000,01-01-2021 00:00,HR
288,Name_288,25,50000,01-01-2021 00:00,Finance
289,Name_289,25,,21-07-2023 00:00,IT
290,Name_290,30,60000,15-06-2022 00:00,IT
291,Name_291,,30000,21-07-2023 00:00,Finance
292,Name_292,30,60000,15-06-2022 00:00,Marketing
293,Name_293,,40000,01-01-2021 00:00,HR
294,Name_294,30,50000,15-06-2022 00:00,HR
295,Name_295,25,40000,15-06-2022 00:00,Finance
296,Name_296,30,40000,15-06-2022 00:00,Marketing
297,Name_297,20,,01-01-2021 00:00,HR
298,Name_298,20,60000,21-07-2023 00:00,Marketing
299,Name_299,20,50000,15-06-2022 00:00,IT
300,Name_300,20,30000,01-01-2021 00:00,Finance
301,Name_301,35,,15-06-2022 00:00,Finance
302,Name_302,25,50000,15-06-2022 00:00,IT
303,Name_303,20,,01-01-2021 00:00,Finance
304,Name_304,35,,01-01-2021 00:00,IT
305,Name_305,35,60000,01-01-2021 00:00,Finance
306,Name_306,30,40000,15-06-2022 00:00,Marketing
307,Name_307,,60000,21-07-2023 00:00,HR
308,Name_308,35,50000,01-01-2021 00:00,Finance
309,Name_309,30,,15-06-2022 00:00,Marketing
310,Name_310,,,15-06-2022 00:00,Marketing
311,Name_311,20,30000,15-06-2022 00:00,HR
312,Name_312,20,30000,21-07-2023 00:00,Finance
313,Name_313,,50000,01-01-2021 00:00,HR
314,Name_314,35,50000,21-07-2023 00:00,IT
315,Name_315,,60000,01-01-2021 00:00,IT
316,Name_316,25,40000,21-07-2023 00:00,Finance
317,Name_317,30,30000,01-01-2021 00:00,IT
318,Name_318,25,50000,01-01-2021 00:00,Finance
319,Name_319,20,60000,01-01-2021 00:00,Finance
320,Name_320,20,30000,15-06-2022 00:00,Marketing
321,Name_321,20,40000,15-06-2022 00:00,Finance
322,Name_322,,30000,01-01-2021 00:00,Finance
323,Name_323,25,50000,21-07-2023 00:00,IT
324,Name_324,20,40000,21-07-2023 00:00,HR
325,Name_325,,30000,01-01-2021 00:00,Marketing
326,Name_326,35,40000,15-06-2022 00:00,Marketing
327,Name_327,35,40000,01-01-2021 00:00,Finance
328,Name_328,25,30000,01-01-2021 00:00,Finance
329,Name_329,25,30000,01-01-2021 00:00,HR
330,Name_330,35,60000,15-06-2022 00:00,HR
331,Name_331,25,,21-07-2023 00:00,IT
332,Name_332,35,60000,01-01-2021 00:00,IT
333,Name_333,20,60000,01-01-2021 00:00,IT
334,Name_334,35,30000,15-06-2022 00:00,Marketing
335,Name_335,35,60000,15-06-2022 00:00,HR
336,Name_336,25,,15-06-2022 00:00,HR
337,Name_337,35,60000,15-06-2022 00:00,Marketing
338,Name_338,35,30000,01-01-2021 00:00,IT
339,Name_339,,30000,01-01-2021 00:00,IT
340,Name_340,25,60000,15-06-2022 00:00,IT
341,Name_341,30,30000,21-07-2023 00:00,Finance
342,Name_342,30,30000,21-07-2023 00:00,IT
343,Name_343,20,60000,01-01-2021 00:00,IT
344,Name_344,30,,15-06-2022 00:00,HR
345,Name_345,30,30000,21-07-2023 00:00,Finance
346,Name_346,35,,21-07-2023 00:00,Finance
347,Name_347,20,40000,21-07-2023 00:00,HR
348,Name_348,,,01-01-2021 00:00,Marketing
349,Name_349,,,21-07-2023 00:00,HR
350,Name_350,,60000,15-06-2022 00:00,Marketing
351,Name_351,35,50000,21-07-2023 00:00,HR
352,Name_352,20,30000,01-01-2021 00:00,IT
353,Name_353,35,30000,21-07-2023 00:00,IT
354,Name_354,,60000,01-01-2021 00:00,Finance
355,Name_355,25,30000,01-01-2021 00:00,Finance
356,Name_356,,40000,01-01-2021 00:00,Marketing
357,Name_357,25,30000,15-06-2022 00:00,IT
358,Name_358,30,,15-06-2022 00:00,Finance
359,Name_359,35,60000,21-07-2023 00:00,Marketing
360,Name_360,35,50000,21-07-2023 00:00,Marketing
361,Name_361,30,,01-01-2021 00:00,Marketing
362,Name_362,,30000,21-07-2023 00:00,IT
363,Name_363,25,50000,21-07-2023 00:00,Finance
364,Name_364,30,,15-06-2022 00:00,IT
365,Name_365,,60000,01-01-2021 00:00,IT
366,Name_366,,30000,15-06-2022 00:00,Finance
367,Name_367,30,40000,15-06-2022 00:00,HR
368,Name_368,20,,21-07-2023 00:00,Marketing
369,Name_369,35,,01-01-2021 00:00,Finance
370,Name_370,35,40000,15-06-2022 00:00,IT
371,Name_371,25,50000,01-01-2021 00:00,Marketing
372,Name_372,35,30000,21-07-2023 00:00,HR
373,Name_373,30,,15-06-2022 00:00,Marketing
374,Name_374,,50000,21-07-2023 00:00,Marketing
375,Name_375,,40000,01-01-2021 00:00,Finance
376,Name_376,30,50000,01-01-2021 00:00,Finance
377,Name_377,25,,21-07-2023 00:00,Finance
378,Name_378,25,40000,15-06-2022 00:00,HR
379,Name_379,,30000,15-06-2022 00:00,HR
380,Name_380,30,30000,15-06-2022 00:00,HR
381,Name_381,35,50000,15-06-2022 00:00,IT
382,Name_382,35,30000,15-06-2022 00:00,IT
383,Name_383,20,30000,15-06-2022 00:00,HR
384,Name_384,30,30000,01-01-2021 00:00,IT
385,Name_385,35,30000,21-07-2023 00:00,Marketing
386,Name_386,20,50000,01-01-2021 00:00,Marketing
387,Name_387,,50000,01-01-2021 00:00,IT
388,Name_388,,,21-07-2023 00:00,Finance
389,Name_389,,,01-01-2021 00:00,IT
390,Name_390,,40000,15-06-2022 00:00,Finance
391,Name_391,20,,21-07-2023 00:00,HR
392,Name_392,,40000,15-06-2022 00:00,Marketing
393,Name_393,20,50000,21-07-2023 00:00,IT
394,Name_394,35,50000,15-06-2022 00:00,Marketing
395,Name_395,35,60000,21-07-2023 00:00,Finance
396,Name_396,35,50000,15-06-2022 00:00,IT
397,Name_397,25,60000,15-06-2022 00:00,HR
398,Name_398,35,60000,01-01-2021 00:00,Marketing
399,Name_399,,50000,15-06-2022 00:00,HR
400,Name_400,30,,01-01-2021 00:00,Finance
401,Name_401,20,40000,21-07-2023 00:00,Finance
402,Name_402,35,,15-06-2022 00:00,Marketing
403,Name_403,,60000,15-06-2022 00:00,IT
404,Name_404,,40000,01-01-2021 00:00,Marketing
405,Name_405,30,60000,15-06-2022 00:00,Finance
406,Name_406,35,40000,21-07-2023 00:00,HR
407,Name_407,25,40000,21-07-2023 00:00,Marketing
408,Name_408,35,,21-07-2023 00:00,HR
409,Name_409,35,50000,21-07-2023 00:00,Marketing
410,Name_410,30,40000,01-01-2021 00:00,IT
411,Name_411,35,50000,21-07-2023 00:00,Marketing
412,Name_412,30,30000,01-01-2021 00:00,Marketing
413,Name_413,35,,21-07-2023 00:00,Finance
414,Name_414,30,60000,21-07-2023 00:00,HR
415,Name_415,25,30000,21-07-2023 00:00,HR
416,Name_416,35,,15-06-2022 00:00,Finance
417,Name_417,35,30000,01-01-2021 00:00,IT
418,Name_418,20,,01-01-2021 00:00,HR
419,Name_419,30,50000,21-07-2023 00:00,IT
420,Name_420,35,40000,15-06-2022 00:00,IT
421,Name_421,30,50000,01-01-2021 00:00,HR
422,Name_422,,60000,15-06-2022 00:00,IT
423,Name_423,25,60000,21-07-2023 00:00,Marketing
424,Name_424,25,,01-01-2021 00:00,IT
425,Name_425,25,50000,01-01-2021 00:00,HR
426,Name_426,35,,21-07-2023 00:00,IT
427,Name_427,25,,01-01-2021 00:00,Marketing
428,Name_428,30,30000,21-07-2023 00:00,Finance
429,Name_429,30,,01-01-2021 00:00,IT
430,Name_430,,,15-06-2022 00:00,IT
431,Name_431,20,40000,21-07-2023 00:00,Marketing
432,Name_432,20,60000,15-06-2022 00:00,Marketing
433,Name_433,30,,15-06-2022 00:00,IT
434,Name_434,,40000,15-06-2022 00:00,Finance
435,Name_435,25,40000,15-06-2022 00:00,IT
436,Name_436,35,30000,21-07-2023 00:00,IT
437,Name_437,30,,21-07-2023 00:00,Marketing
438,Name_438,35,,15-06-2022 00:00,Marketing
439,Name_439,20,30000,01-01-2021 00:00,Finance
440,Name_440,,,01-01-2021 00:00,Marketing
441,Name_441,30,30000,15-06-2022 00:00,Finance
442,Name_442,20,,01-01-2021 00:00,Marketing
443,Name_443,35,30000,21-07-2023 00:00,IT
444,Name_444,35,,15-06-2022 00:00,Finance
445,Name_445,25,50000,01-01-2021 00:00,Finance
446,Name_446,30,50000,01-01-2021 00:00,Marketing
447,Name_447,30,30000,01-01-2021 00:00,HR
448,Name_448,,60000,21-07-2023 00:00,Marketing
449,Name_449,35,60000,15-06-2022 00:00,Finance
450,Name_450,25,40000,21-07-2023 00:00,Finance
451,Name_451,,30000,01-01-2021 00:00,Marketing
452,Name_452,25,30000,15-06-2022 00:00,Finance
453,Name_453,20,,21-07-2023 00:00,HR
454,Name_454,25,30000,15-06-2022 00:00,Marketing
455,Name_455,20,30000,01-01-2021 00:00,Marketing
456,Name_456,20,30000,01-01-2021 00:00,HR
457,Name_457,30,50000,15-06-2022 00:00,IT
458,Name_458,25,30000,15-06-2022 00:00,Marketing
459,Name_459,30,40000,01-01-2021 00:00,IT
460,Name_460,20,,01-01-2021 00:00,Finance
461,Name_461,30,40000,01-01-2021 00:00,IT
462,Name_462,,50000,15-06-2022 00:00,IT
463,Name_463,25,30000,15-06-2022 00:00,HR
464,Name_464,35,50000,15-06-2022 00:00,Finance
465,Name_465,30,,01-01-2021 00:00,Finance
466,Name_466,25,,01-01-2021 00:00,Marketing
467,Name_467,30,40000,15-06-2022 00:00,Finance
468,Name_468,30,50000,21-07-2023 00:00,Marketing
469,Name_469,35,40000,01-01-2021 00:00,Finance
470,Name_470,,60000,01-01-2021 00:00,IT
471,Name_471,,60000,21-07-2023 00:00,HR
472,Name_472,25,60000,01-01-2021 00:00,Finance
473,Name_473,25,30000,15-06-2022 00:00,IT
474,Name_474,20,50000,21-07-2023 00:00,HR
475,Name_475,,40000,01-01-2021 00:00,HR
476,Name_476,20,50000,21-07-2023 00:00,HR
477,Name_477,20,50000,01-01-2021 00:00,IT
478,Name_478,35,60000,21-07-2023 00:00,HR
479,Name_479,25,40000,21-07-2023 00:00,Finance
480,Name_480,30,,15-06-2022 00:00,IT
481,Name_481,20,50000,01-01-2021 00:00,HR
482,Name_482,35,,01-01-2021 00:00,Marketing
483,Name_483,30,40000,15-06-2022 00:00,IT
484,Name_484,20,30000,01-01-2021 00:00,Finance
485,Name_485,,60000,21-07-2023 00:00,Finance
486,Name_486,30,50000,21-07-2023 00:00,HR
487,Name_487,20,60000,21-07-2023 00:00,Finance
488,Name_488,25,40000,15-06-2022 00:00,HR
489,Name_489,,50000,01-01-2021 00:00,IT
490,Name_490,30,50000,15-06-2022 00:00,Marketing
491,Name_491,30,60000,21-07-2023 00:00,IT
492,Name_492,30,50000,21-07-2023 00:00,IT
493,Name_493,30,30000,01-01-2021 00:00,Marketing
494,Name_494,35,40000,15-06-2022 00:00,IT
495,Name_495,,,21-07-2023 00:00,IT
496,Name_496,,40000,01-01-2021 00:00,IT
497,Name_497,25,30000,15-06-2022 00:00,Marketing
498,Name_498,30,50000,01-01-2021 00:00,HR
499,Name_499,,,21-07-2023 00:00,Marketing
500,Name_500,35,40000,15-06-2022 00:00,Marketing
